Key Controls,,,,,Valuation Controls (Mock Inputs),,,,,,,,,,,,,,,,,,,,,,,,,,,,,,,,,,,,,,,,
Economic legs captured in Trace,9,,,,Analysis / Review Date,46092,Mock input,,,,,,,,,,,,,,,,,,,,,,,,,,,,,,,,,,,,,,
Unique transaction hashes captured,5,,,,USD/AUD FX at review,1.58,Mock input,,,,,,,,,,,,,,,,,,,,,,,,,,,,,,,,,,,,,,
Loan liquidation burn legs,2,,,,USD/AUD FX at stake start,1.54,Mock input,,,,,,,,,,,,,,,,,,,,,,,,,,,,,,,,,,,,,,
Loan liquidation refund legs,2,,,,HDRN price USD at sample start,0.0000285,Mock input,,,,,,,,,,,,,,,,,,,,,,,,,,,,,,,,,,,,,,
Total HDRN burned in sample bids,77100000000,,,,HDRN price USD at review,0.00004,Mock input,,,,,,,,,,,,,,,,,,,,,,,,,,,,,,,,,,,,,,
Total HDRN refunded by mint,76100000000,,,,ICSA price USD at sample start,0.75,Mock input,,,,,,,,,,,,,,,,,,,,,,,,,,,,,,,,,,,,,,
Total HDRN transferred into Icosa on stake start,26070534.4,,,,ICSA price USD at review,0.9,Mock input,,,,,,,,,,,,,,,,,,,,,,,,,,,,,,,,,,,,,,
Total HDRN transferred from Icosa on stake exits,134247755.6,,,,HEX price USD for buy examples,0.02,Mock input,,,,,,,,,,,,,,,,,,,,,,,,,,,,,,,,,,,,,,
Total ICSA minted on sample exits,9404.11244,,,,HEX price USD at review,0.03,Mock input,,,,,,,,,,,,,,,,,,,,,,,,,,,,,,,,,,,,,,
,,,,,USDT price USD,1,Mock input,,,,,,,,,,,,,,,,,,,,,,,,,,,,,,,,,,,,,,
Methodology notes (court-ready wording),,,,,,,,,,,,,,,,,,,,,,,,,,,,,,,,,,,,,,,,,,,,,
"- Decompose multi-effect smart contract transactions into one row per economic leg where a single row cannot accurately represent source, destination, and asset logic.",,,,,,,,,,,,,,,,,,,,,,,,,,,,,,,,,,,,,,,,,,,,,
"- For burn rows, describe the null address as a protocol sink only. For mint rows, describe it as protocol issuance origin only.",,,,,,,,,,,,,,,,,,,,,,,,,,,,,,,,,,,,,,,,,,,,,
"- In live matters, replace all mock pre/post balances with balance snapshots taken immediately before and after the relevant block height.",,,,,,,,,,,,,,,,,,,,,,,,,,,,,,,,,,,,,,,,,,,,,
"- Keep activity descriptions short, factual, and protocol-specific. Avoid speculation about beneficial ownership unless separately evidenced.",,,,,,,,,,,,,,,,,,,,,,,,,,,,,,,,,,,,,,,,,,,,,
,,,,,,,,,,,,,,,,,,,,,,,,,,,,,,,,,,,,,,,,,,,,,
,,,,,,,,,,,,,,,,,,,,,,,,,,,,,,,,,,,,,,,,,,,,,
Quick references,,,,,,,,,,,,,,,,,,,,,,,,,,,,,,,,,,,,,,,,,,,,,
Hedron contract page,https://etherscan.io/token/0x3819f64f282bf135d62168c1e513280daf905e06,,,,,,,,,,,,,,,,,,,,,,,,,,,,,,,,,,,,,,,,,,,,
Icosa contract page,https://etherscan.io/address/0xfc4913214444af5c715cc9f7b52655e788a569ed,,,,,,,,,,,,,,,,,,,,,,,,,,,,,,,,,,,,,,,,,,,,
Sample liquidation bid tx A,https://etherscan.io/tx/0xccefa0c1e2432164d6b88ee40a07e34765b35c82cdacc10d8bb7a5a518e2126a,,,,,,,,,,,,,,,,,,,,,,,,,,,,,,,,,,,,,,,,,,,,
Sample liquidation bid tx B,https://etherscan.io/tx/0x8a7c035ad1d9b698be4d6c059cbf0cb53ff4d7cc81d5df49a76120b9d94f3602,,,,,,,,,,,,,,,,,,,,,,,,,,,,,,,,,,,,,,,,,,,,
Sample hdrnStakeStart tx,https://etherscan.io/tx/0x6d1a766b5c94a6902865fb315b72ba3bf0cd24a41e4ac75046f4dfe29b58ee66,,,,,,,,,,,,,,,,,,,,,,,,,,,,,,,,,,,,,,,,,,,,
,,,,,,,,,,,,,,,,,,,,,,,,,,,,,,,,,,,,,,,,,,,,,
,,,,,,,,,,,,,,,,,,,,,,,,,,,,,,,,,,,,,,,,,,,,,
Trading Activity Analysis,,,,,,,,,,,,,,,,,,,,,,,,,,,,,,,,,,,,,,,,,,,,,
"Mock series for template development. Buys and sells are separated by direction, summed in USD and AUD, and remaining holdings are marked to review-date value.",,,,,,,,,,,,,,,,,,,,,,,,,,,,,,,,,,,,,,,,,,,,,
Trade Ref,Trade Date,Direction,Pair,Input Asset,Input Qty,Output Asset,Output Qty,USD Value,USD/AUD FX,AUD Value,Series ID,Status,Notes,,,,,,,,,,,,,,,,,,,,,,,,,,,,,,,,
TRD.001,46006,BUY,USDT/HEX,USDT,10000,HEX,500000,10000,1.53,15300,HEX_SERIES_01,Closed,Mock buy 1 of 3,,,,,,,,,,,,,,,,,,,,,,,,,,,,,,,,
TRD.002,46025,BUY,USDT/HEX,USDT,10000,HEX,476190.4762,10000,1.54,15400,HEX_SERIES_01,Closed,Mock buy 2 of 3,,,,,,,,,,,,,,,,,,,,,,,,,,,,,,,,
TRD.003,46050,BUY,USDT/HEX,USDT,10000,HEX,454545.4545,10000,1.55,15500,HEX_SERIES_01,Partially realised,Mock buy 3 of 3,,,,,,,,,,,,,,,,,,,,,,,,,,,,,,,,
TRD.004,46073,SELL,HEX/USDT,HEX,400000,USDT,17000,17000,1.56,26520,HEX_SERIES_01,Closed,Mock sell 1 of 2,,,,,,,,,,,,,,,,,,,,,,,,,,,,,,,,
TRD.005,46081,SELL,HEX/USDT,HEX,420000,USDT,18000,18000,1.57,28260,HEX_SERIES_01,Closed,Mock sell 2 of 2,,,,,,,,,,,,,,,,,,,,,,,,,,,,,,,,
,,,,,,,,,,,,,,,,,,,,,,,,,,,,,,,,,,,,,,,,,,,,,
,,,,,,,,,,,,,,,,,,,,,,,,,,,,,,,,,,,,,,,,,,,,,
Trading Summary,,,,,,,,,,,,,,,,,,,,,,,,,,,,,,,,,,,,,,,,,,,,,
Total Buy USD,30000,,,,,,,,,,,,,,,,,,,,,,,,,,,,,,,,,,,,,,,,,,,,
Total Sell USD,35000,,,,,,,,,,,,,,,,,,,,,,,,,,,,,,,,,,,,,,,,,,,,
Realised Trading P/L USD,5000,,,,,,,,,,,,,,,,,,,,,,,,,,,,,,,,,,,,,,,,,,,,
Total Buy AUD,46200,,,,,,,,,,,,,,,,,,,,,,,,,,,,,,,,,,,,,,,,,,,,
Total Sell AUD,54780,,,,,,,,,,,,,,,,,,,,,,,,,,,,,,,,,,,,,,,,,,,,
Realised Trading P/L AUD,8580,,,,,,,,,,,,,,,,,,,,,,,,,,,,,,,,,,,,,,,,,,,,
Net HEX Units Held,610735.9307,,,,,,,,,,,,,,,,,,,,,,,,,,,,,,,,,,,,,,,,,,,,
Review Value of Remaining HEX (USD),18322.07792,,,,,,,,,,,,,,,,,,,,,,,,,,,,,,,,,,,,,,,,,,,,
Review Value of Remaining HEX (AUD),28948.88312,,,,,,,,,,,,,,,,,,,,,,,,,,,,,,,,,,,,,,,,,,,,
Series Duration (days),75,,,,,,,,,,,,,,,,,,,,,,,,,,,,,,,,,,,,,,,,,,,,
,,,,,,,,,,,,,,,,,,,,,,,,,,,,,,,,,,,,,,,,,,,,,
Staking / Investment Analysis,,,,,,,,,,,,,,,,,,,,,,,,,,,,,,,,,,,,,,,,,,,,,
"Ended positions show realised or exit-based value. Ongoing positions show review-date mark to market. Where terminal yield cannot be known, the worksheet flags the estimate as principal-only or unknown.",,,,,,,,,,,,,,,,,,,,,,,,,,,,,,,,,,,,,,,,,,,,,
Stake Ref,Position Type,Asset / Protocol,Start Date,End / Review Date,Status,Principal Tokens,Principal USD at Start,Principal AUD at Start,Return Asset Detail,Value USD at Exit / Review,Value AUD at Exit / Review,P/L USD,P/L AUD,Duration Days,Valuation Basis / Notes,,,,,,,,,,,,,,,,,,,,,,,,,,,,,,
STK.001,HDRN Stake,HDRN via Icosa,46073,46092,Ongoing,26070534.4,743.0102304,1144.235755,Principal-only estimate; yield unknown,1042.821376,1647.657774,299.8111456,503.4220193,19,Ongoing sample based on hdrnStakeStart example.,,,,,,,,,,,,,,,,,,,,,,,,,,,,,,
STK.002,ICSA Stake,ICSA / HDRN via Icosa,46037,46064,Ended,9000,6750,10395,"9,404.112192469 ICSA + 124,744,439.336648576 HDRN",13453.47855,21256.4961,6703.478547,10861.4961,27,Ended sample combines returned ICSA and HDRN payout.,,,,,,,,,,,,,,,,,,,,,,,,,,,,,,
STK.003,HDRN Stake,HDRN via Icosa,46054,46073,Ended,10000000,285,438.9,"9,503,316.295936916 HDRN + 0.000247601 ICSA",380.1328747,600.609942,95.13287468,161.709942,19,Ended sample combines returned HDRN and small ICSA reward mint.,,,,,,,,,,,,,,,,,,,,,,,,,,,,,,
,,,,,,,,,,,,,,,,,,,,,,,,,,,,,,,,,,,,,,,,,,,,,
Staking Summary,,,,,,,,,,,,,,,,,,,,,,,,,,,,,,,,,,,,,,,,,,,,,
Ended stake value USD,13833.61142,,,,,,,,,,,,,,,,,,,,,,,,,,,,,,,,,,,,,,,,,,,,
Ongoing stake value USD,1042.821376,,,,,,,,,,,,,,,,,,,,,,,,,,,,,,,,,,,,,,,,,,,,
Aggregate stake P/L USD,7098.422567,,,,,,,,,,,,,,,,,,,,,,,,,,,,,,,,,,,,,,,,,,,,
Ended stake value AUD,21857.10605,,,,,,,,,,,,,,,,,,,,,,,,,,,,,,,,,,,,,,,,,,,,
Ongoing stake value AUD,1647.657774,,,,,,,,,,,,,,,,,,,,,,,,,,,,,,,,,,,,,,,,,,,,
Aggregate stake P/L AUD,11526.62807,,,,,,,,,,,,,,,,,,,,,,,,,,,,,,,,,,,,,,,,,,,,
,,,,,,,,,,,,,,,,,,,,,,,,,,,,,,,,,,,,,,,,,,,,,
,,,,,,,,,,,,,,,,,,,,,,,,,,,,,,,,,,,,,,,,,,,,,
formulas,,,,,,,,,,,,,,,,,,,,,,,,,,,,,,,,,,,,,,,,,,,,,
Section,Cell / Range,Purpose,Formula Used,,,,,,,,,,,,,,,,,,,,,,,,,,,,,,,,,,,,,,,,,,
Key Controls,B2,Count economic legs in Trace,'=COUNTA(Trace!A5:A200),,,,,,,,,,,,,,,,,,,,,,,,,,,,,,,,,,,,,,,,,,
Key Controls,B3,Count unique tx hashes via Staking Ledger,'=COUNTA(''Staking Ledger''!B2:B6),,,,,,,,,,,,,,,,,,,,,,,,,,,,,,,,,,,,,,,,,,
Key Controls,B6,Sum HDRN burned in liquidation bids,"'=SUMIFS(Trace!H5:H200,Trace!C5:C200,""Loan Liquidation Bid - Burn Leg"",Trace!I5:I200,""HDRN"")",,,,,,,,,,,,,,,,,,,,,,,,,,,,,,,,,,,,,,,,,,
Key Controls,B7,Sum HDRN refunded by mint,"'=SUMIFS(Trace!H5:H200,Trace!C5:C200,""Loan Liquidation Bid - Refund Leg"",Trace!I5:I200,""HDRN"")",,,,,,,,,,,,,,,,,,,,,,,,,,,,,,,,,,,,,,,,,,
Trading Detail,I30:I34,USD value per trade,"'=IF(C30=""BUY"",F30*$G$11,H30*$G$11)",,,,,,,,,,,,,,,,,,,,,,,,,,,,,,,,,,,,,,,,,,
Trading Detail,K30:K34,AUD value per trade,'=I30*J30,,,,,,,,,,,,,,,,,,,,,,,,,,,,,,,,,,,,,,,,,,
Trading Summary,B38,Total buy USD,"'=SUMIF(C30:C34,""BUY"",I30:I34)",,,,,,,,,,,,,,,,,,,,,,,,,,,,,,,,,,,,,,,,,,
Trading Summary,B39,Total sell USD,"'=SUMIF(C30:C34,""SELL"",I30:I34)",,,,,,,,,,,,,,,,,,,,,,,,,,,,,,,,,,,,,,,,,,
Trading Summary,B40,Realised trading P/L USD,'=B39-B38,,,,,,,,,,,,,,,,,,,,,,,,,,,,,,,,,,,,,,,,,,
Trading Summary,B44,Net HEX units held,"'=SUMIF(C30:C34,""BUY"",H30:H34)-SUMIF(C30:C34,""SELL"",F30:F34)",,,,,,,,,,,,,,,,,,,,,,,,,,,,,,,,,,,,,,,,,,
Trading Summary,B45,Review value of remaining HEX in USD,'=B44*$G$10,,,,,,,,,,,,,,,,,,,,,,,,,,,,,,,,,,,,,,,,,,
Trading Summary,B47,Series duration in days,'=MAX(B30:B34)-MIN(B30:B34),,,,,,,,,,,,,,,,,,,,,,,,,,,,,,,,,,,,,,,,,,
Staking Detail,H52:H54,Principal USD at start,'=G row * start-price control,,,,,,,,,,,,,,,,,,,,,,,,,,,,,,,,,,,,,,,,,,
Staking Detail,K52,Ongoing stake review value USD,'=G52*$G$6,,,,,,,,,,,,,,,,,,,,,,,,,,,,,,,,,,,,,,,,,,
Staking Detail,K53,Ended ICSA stake exit value USD,'=9404.112192469*$G$8 + 124744439.336648576*$G$6,,,,,,,,,,,,,,,,,,,,,,,,,,,,,,,,,,,,,,,,,,
Staking Detail,K54,Ended HDRN stake exit value USD,'=9503316.295936916*$G$6 + 0.000247601*$G$8,,,,,,,,,,,,,,,,,,,,,,,,,,,,,,,,,,,,,,,,,,
Staking Detail,M52:M54,USD P/L per stake,'=K row - H row,,,,,,,,,,,,,,,,,,,,,,,,,,,,,,,,,,,,,,,,,,
Staking Summary,B57,Ended stake value USD,'=K53+K54,,,,,,,,,,,,,,,,,,,,,,,,,,,,,,,,,,,,,,,,,,
Staking Summary,B59,Aggregate stake P/L USD,'=SUM(M52:M54),,,,,,,,,,,,,,,,,,,,,,,,,,,,,,,,,,,,,,,,,,
,,,,,,,,,,,,,,,,,,,,,,,,,,,,,,,,,,,,,,,,,,,,,
,,,,,,,,,,,,,,,,,,,,,,,,,,,,,,,,,,,,,,,,,,,,,
,,,,,,,,,,,,,,,,,,,,,,,,,,,,,,,,,,,,,,,,,,,,,
STAKING LEDGER,,,,,,,,,,,,,,,,,,,,,,,,,,,,,,,,,,,,,,,,,,,,,
Ref,Txn Hash,Protocol Contract,Protocol Bucket,Method / Stake Event,Position ID / Liquidation ID,Principal / Bid Amount,Lock Terms / Bid Terms,Evidence Doc ID,Source URL,Notes,,,,,,,,,,,,,,,,,,,,,,,,,,,,,,,,,,,
EX.001-EX.002,0xccefa0c1...18e2126a,0x3819f64f28...AF905e06,Hedron / HSI Loan Liquidation,loanLiquidateBid,stakeId 680411 / liquidationId 5814,"38,100,000,000 HDRN bid",24-hour auction window; bid replaces prior leader,DOC.WEB.1001,https://etherscan.io/tx/0xccefa0c1e2432164d6b88ee40a07e34765b35c82cdacc10d8bb7a5a518e2126a,Sample Bidder A becomes highest bidder; previous bidder refunded by mint.,,,,,,,,,,,,,,,,,,,,,,,,,,,,,,,,,,,
EX.003-EX.004,0x8a7c035a...d94f3602,0x3819f64f28...AF905e06,Hedron / HSI Loan Liquidation,loanLiquidateBid,stakeId 680411 / liquidationId 5814,"39,000,000,000 HDRN bid","Same liquidation sequence, later bid",DOC.WEB.1002,https://etherscan.io/tx/0x8a7c035ad1d9b698be4d6c059cbf0cb53ff4d7cc81d5df49a76120b9d94f3602,Sample Bidder B outbids Sample Bidder A; Sample Bidder A refunded by mint.,,,,,,,,,,,,,,,,,,,,,,,,,,,,,,,,,,,
EX.005,0x6d1a766b...9b58ee66,0xfc49132144...88A569ed,Icosa / HDRN Staking,hdrnStakeStart,Address-mapped HDRN stake,"26,070,534.400069513 HDRN",Decoded event indicates 30-day minimum stake length,DOC.WEB.1003,https://etherscan.io/tx/0x6d1a766b5c94a6902865fb315b72ba3bf0cd24a41e4ac75046f4dfe29b58ee66,HDRN principal transferred into Icosa contract.,,,,,,,,,,,,,,,,,,,,,,,,,,,,,,,,,,,
EX.006-EX.007,0xa02fef6f...076cc430,0xfc49132144...88A569ed,Icosa / ICSA Staking,icsaStakeEnd,Address-mapped ICSA stake,"9,404.112192469 ICSA minted; 124,744,439.336648576 HDRN paid",Exit leg decomposed into mint and contract payout rows,DOC.WEB.1004,https://etherscan.io/tx/0xa02fef6fbe7d79a04749463dd544b738faefcd9428adf8be8795ff60076cc430,Use two trace rows to avoid blending the ICSA mint leg with the HDRN transfer leg.,,,,,,,,,,,,,,,,,,,,,,,,,,,,,,,,,,,
EX.008-EX.009,0x77289ef2...763dab71,0xfc49132144...88A569ed,Icosa / HDRN Staking,hdrnStakeEnd,Address-mapped HDRN stake,"0.000247601 ICSA minted; 9,503,316.295936916 HDRN returned",Exit leg decomposed into mint and contract return rows,DOC.WEB.1005,https://etherscan.io/tx/0x77289ef280998ec14327d86b104c27b4f383f6289ae90a7d6c78296d763dab71,Use separate trace rows for the ICSA reward mint and the HDRN contract return.,,,,,,,,,,,,,,,,,,,,,,,,,,,,,,,,,,,
,,,,,,,,,,,,,,,,,,,,,,,,,,,,,,,,,,,,,,,,,,,,,
Protocol documentation checklist,,,,,,,,,,,,,,,,,,,,,,,,,,,,,,,,,,,,,,,,,,,,,
"- Capture decoded input data, emitted event logs, and any explorer-labelled counterparties.",,,,,,,,,,,,,,,,,,,,,,,,,,,,,,,,,,,,,,,,,,,,,
"- For burns, record the null address as a protocol sink only and do not describe it as a beneficiary.",,,,,,,,,,,,,,,,,,,,,,,,,,,,,,,,,,,,,,,,,,,,,
"- For mints, record the null address as protocol issuance origin only and verify the recipient balance increase.",,,,,,,,,,,,,,,,,,,,,,,,,,,,,,,,,,,,,,,,,,,,,
- Replace all mock balance snapshots with block-specific exports or screenshots before filing.,,,,,,,,,,,,,,,,,,,,,,,,,,,,,,,,,,,,,,,,,,,,,
,,,,,,,,,,,,,,,,,,,,,,,,,,,,,,,,,,,,,,,,,,,,,
Taxonomy Matrix,,,,,,,,,,,,,,,,,,,,,,,,,,,,,,,,,,,,,,,,,,,,,
,,,,,,,,,,,,,,,,,,,,,,,,,,,,,,,,,,,,,,,,,,,,,
Code,Event Type,Protocol Bucket,Method / Trigger,Economic Character,Trace Row Construction,Counterparty Display,Mandatory Balance Checks,Expected Evidence,Example Txn Hash,Source URL,Court-ready wording,,,,,,,,,,,,,,,,,,,,,,,,,,,,,,,,,,
T01,Loan Liquidation Bid - Burn Leg,Hedron / HSI Loan Liquidation,loanLiquidateBid,Bid amount destroyed to take lead position,One row for bidder -> null burn of HDRN,Null address / burn sink,Check bidder HDRN balance pre/post; do not treat null address as beneficial owner,"Decoded input, Transfer log, LoanLiquidateBid event",0xccefa0c1...18e2126a,https://etherscan.io/tx/0xccefa0c1e2432164d6b88ee40a07e34765b35c82cdacc10d8bb7a5a518e2126a,Caller burned HDRN to place a higher bid in an active Hedron liquidation auction.,,,,,,,,,,,,,,,,,,,,,,,,,,,,,,,,,,
T02,Loan Liquidation Bid - Refund Leg,Hedron / HSI Loan Liquidation,loanLiquidateBid,Prior highest bid refunded by protocol mint,Separate row for null -> prior bidder mint,Prior bidder wallet,"Check refunded wallet HDRN balance pre/post; source is protocol issuance, not beneficial transfer",Transfer log plus same transaction event context,0x8a7c035a...d94f3602,https://etherscan.io/tx/0x8a7c035ad1d9b698be4d6c059cbf0cb53ff4d7cc81d5df49a76120b9d94f3602,Protocol minted the previous highest bid back to the former highest bidder after an outbid.,,,,,,,,,,,,,,,,,,,,,,,,,,,,,,,,,,
T03,HDRN Stake Start - Principal Transfer,Icosa / HDRN Staking,hdrnStakeStart,Principal transferred into staking contract,Single row for staker -> Icosa contract transfer,Icosa contract,Check staker HDRN decrease and contract HDRN increase,"Decoded input, HDRN transfer log, HDRNStakeStart event",0x6d1a766b...9b58ee66,https://etherscan.io/tx/0x6d1a766b5c94a6902865fb315b72ba3bf0cd24a41e4ac75046f4dfe29b58ee66,Caller transferred HDRN to the Icosa contract to open a HDRN staking position.,,,,,,,,,,,,,,,,,,,,,,,,,,,,,,,,,,
T04,ICSA Stake End - ICSA Mint Leg,Icosa / ICSA Staking,icsaStakeEnd,ICSA returned by mint on stake exit,Separate row for null -> staker mint of ICSA,Staker wallet,Check staker ICSA pre/post; source is protocol issuance,"Decoded input, ICSA transfer log, ICSAStakeEnd event",0xa02fef6f...076cc430,https://etherscan.io/tx/0xa02fef6fbe7d79a04749463dd544b738faefcd9428adf8be8795ff60076cc430,Protocol minted ICSA back to the staker upon ending the ICSA stake.,,,,,,,,,,,,,,,,,,,,,,,,,,,,,,,,,,
T05,ICSA Stake End - HDRN Payout Leg,Icosa / ICSA Staking,icsaStakeEnd,HDRN payout transferred from contract on stake exit,Separate row for Icosa contract -> staker HDRN transfer,Icosa contract,Check contract HDRN decrease and staker HDRN increase,Transfer log and icsaStakeEnd method,0xa02fef6f...076cc430,https://etherscan.io/tx/0xa02fef6fbe7d79a04749463dd544b738faefcd9428adf8be8795ff60076cc430,Icosa contract transferred HDRN to the staker as part of the ICSA stake exit.,,,,,,,,,,,,,,,,,,,,,,,,,,,,,,,,,,
T06,HDRN Stake End - ICSA Reward Mint Leg,Icosa / HDRN Staking,hdrnStakeEnd,ICSA staking payout minted on exit,Separate row for null -> staker mint of ICSA,Staker wallet,Check staker ICSA pre/post; source is protocol issuance,Transfer log and HDRNStakeEnd event,0x77289ef2...763dab71,https://etherscan.io/tx/0x77289ef280998ec14327d86b104c27b4f383f6289ae90a7d6c78296d763dab71,Protocol minted ICSA to the staker when the HDRN stake was ended.,,,,,,,,,,,,,,,,,,,,,,,,,,,,,,,,,,
T07,HDRN Stake End - HDRN Return Leg,Icosa / HDRN Staking,hdrnStakeEnd,HDRN principal returned from contract on exit,Separate row for Icosa contract -> staker HDRN transfer,Icosa contract,Check contract HDRN decrease and staker HDRN increase,Transfer log and hdrnStakeEnd method,0x77289ef2...763dab71,https://etherscan.io/tx/0x77289ef280998ec14327d86b104c27b4f383f6289ae90a7d6c78296d763dab71,Icosa contract returned HDRN to the staker on HDRN stake exit.,,,,,,,,,,,,,,,,,,,,,,,,,,,,,,,,,,
T08,HSI Loan Start - HDRN Mint,Hedron / HSI Loan,loanInstanced,HDRN advanced against HSI collateral,Row for null -> borrower mint of HDRN,Borrower wallet,Check borrower HDRN increase and HSI loan status,"Decoded input, LoanStart event, HSI mapping evidence",,https://etherscan.io/token/0x3819f64f282bf135d62168c1e513280daf905e06,Protocol minted HDRN to the borrower as an advance against an HSI-backed position.,,,,,,,,,,,,,,,,,,,,,,,,,,,,,,,,,,
T09,HSI Loan Payment / Payoff - Burn,Hedron / HSI Loan,loanPayment or loanPayoff,HDRN destroyed to service or retire HSI advance,Row for borrower -> null burn of HDRN,Null address / burn sink,Check borrower HDRN decrease and HSI loan status update,"Decoded input, LoanPayment or LoanEnd event",,https://etherscan.io/token/0x3819f64f282bf135d62168c1e513280daf905e06,Borrower burned HDRN to service or retire an HSI-backed advance.,,,,,,,,,,,,,,,,,,,,,,,,,,,,,,,,,,
T10,HSI Tokenization,Hedron / HSI Control,hexStakeTokenize,Control of HSI wrapped into ERC721 token,"Row should describe control change, not cash movement",HSI NFT / holder wallet,Check HSI owner mapping and new tokenId,"Decoded input, HSITokenize event",,https://etherscan.io/token/0x3819f64f282bf135d62168c1e513280daf905e06,Existing HSI control was converted into an ERC721 representation.,,,,,,,,,,,,,,,,,,,,,,,,,,,,,,,,,,
T11,HSI Detokenization,Hedron / HSI Control,hexStakeDetokenize,Control of HSI restored from ERC721 token,"Row should describe control change, not cash movement",HSI holder wallet,Check token ownership pre and HSI mapping post,"Decoded input, HSIDetokenize event",,https://etherscan.io/token/0x3819f64f282bf135d62168c1e513280daf905e06,ERC721 control of the HSI was converted back into direct mapped HSI control.,,,,,,,,,,,,,,,,,,,,,,,,,,,,,,,,,,
T12,Loan Liquidation Exit - HSI Transfer,Hedron / HSI Loan Liquidation,loanLiquidateExit,Winning bidder receives control of HSI,Row should describe HSI control transfer to winner,Winning bidder wallet,Check HSI mapping from zero-address holding to liquidator,"Decoded input, LoanLiquidateExit event, HSITransfer evidence",,https://etherscan.io/token/0x3819f64f282bf135d62168c1e513280daf905e06,Winning bidder received control of the HSI upon liquidation exit.,,,,,,,,,,,,,,,,,,,,,,,,,,,,,,,,,,
,,,,,,,,,,,,,,,,,,,,,,,,,,,,,,,,,,,,,,,,,,,,,
,,,,,,,,,,,,,,,,,,,,,,,,,,,,,,,,,,,,,,,,,,,,,
Data Dictionary,,,,,,,,,,,,,,,,,,,,,,,,,,,,,,,,,,,,,,,,,,,,,
,,,,,,,,,,,,,,,,,,,,,,,,,,,,,,,,,,,,,,,,,,,,,
Column,Description (≤10 words),Chainalysis/TRM term,Type,Example,Notes,,,,Data Dictionary,,,,,,,,,,,,,,,,,,,,,,,,,,,,,,,,,,,,
Ref,Unique trace reference identifier,Case Ref / Trace Ref,Text,TXN.000,Sequential identifier per trace.,,,,,,,,,,,,,,,,,,,,,,,,,,,,,,,,,,,,,,,,
Hop,Sequential fund movement step,Hop,Number,0,0 for seed transaction.,,,,,,,,,,,,,,,,,,,,,,,,,,,,,,,,,,,,,,,,
Event Type,Classified transaction typology,Transaction Type / Typology,Text,Transfer,Use consistent categories.,,,,,,,,,,,,,,,,,,,,,,,,,,,,,,,,,,,,,,,,
Chain/Network,Blockchain network identifier,Network,Text,Ethereum,Chain for transaction.,,,,,,,,,,,,,,,,,,,,,,,,,,,,,,,,,,,,,,,,
Date/Time (UTC),Transaction timestamp UTC,Timestamp (UTC),Datetime,2026-02-10 09:15:22,UTC required for evidence.,,,,,,,,,,,,,,,,,,,,,,,,,,,,,,,,,,,,,,,,
Block #,Confirmed block height,Block Height,Number,19234567,From explorer.,,,,,,,,,,,,,,,,,,,,,,,,,,,,,,,,,,,,,,,,
Method,Smart contract function executed,Function / Method,Text,transfer,Blank for plain transfers if unknown.,,,,,,,,,,,,,,,,,,,,,,,,,,,,,,,,,,,,,,,,
Amount,Transacted asset quantity,Amount,Number,100000,"Token units, not fiat.",,,,,,,,,,,,,,,,,,,,,,,,,,,,,,,,,,,,,,,,
Symbol,Token ticker symbol,Asset Symbol,Text,USDT,Ticker as displayed in tools.,,,,,,,,,,,,,,,,,,,,,,,,,,,,,,,,,,,,,,,,
Asset,Digital asset identifier,Asset,Text,Tether USD,Full name preferred.,,,,,,,,,,,,,,,,,,,,,,,,,,,,,,,,,,,,,,,,
Contract Address,Token or protocol contract,Token Contract,Text,0x...,Blank for native ETH if needed.,,,,,,,,,,,,,,,,,,,,,,,,,,,,,,,,,,,,,,,,
Gas,Network transaction fee,Gas / Fee,Number,0.0052,ETH paid or gas used.,,,,,,,,,,,,,,,,,,,,,,,,,,,,,,,,,,,,,,,,
Txn Hash,Unique transaction identifier,Transaction Hash,Text,0x...,64 hex chars prefixed 0x.,,,,,,,,,,,,,,,,,,,,,,,,,,,,,,,,,,,,,,,,
Txn URL,Block explorer transaction record,Explorer URL,URL,https://etherscan.io/tx/...,Use stable public URL.,,,,,,,,,,,,,,,,,,,,,,,,,,,,,,,,,,,,,,,,
Doc ID Txn,Evidence reference for transaction,Evidence / Exhibit ID,Text,DOC.WEB.0001,"Web capture, logs, or exports.",,,,,,,,,,,,,,,,,,,,,,,,,,,,,,,,,,,,,,,,
Src Address,Originating wallet address,From Address,Text,0x...,Sender for the on-chain action.,,,,,,,,,,,,,,,,,,,,,,,,,,,,,,,,,,,,,,,,
Src Address URL,Explorer link to source wallet,From Address URL,URL,https://etherscan.io/address/...,Address page URL.,,,,,,,,,,,,,,,,,,,,,,,,,,,,,,,,,,,,,,,,
Src Attribution,Cluster or service attribution,Entity Attribution,Text,CoinSpot,Based on tool and evidence.,,,,,,,,,,,,,,,,,,,,,,,,,,,,,,,,,,,,,,,,
Src Attribution Doc ID,Evidence supporting attribution,Attribution Evidence,Text,DOC.ATTR.0100,"KYC, logs, or OSINT.",,,,,,,,,,,,,,,,,,,,,,,,,,,,,,,,,,,,,,,,
Src Bal (Pre),Balance before transaction,Balance (Pre),Number,100000,Per-asset units.,,,,,,,,,,,,,,,,,,,,,,,,,,,,,,,,,,,,,,,,
Src Asset (Pre),Asset held pre transaction,Asset (Pre),Text,USDT,Matches amount asset.,,,,,,,,,,,,,,,,,,,,,,,,,,,,,,,,,,,,,,,,
Src Block (Pre),Block height of snapshot,Balance Block (Pre),Number,19234560,Use nearest block.,,,,,,,,,,,,,,,,,,,,,,,,,,,,,,,,,,,,,,,,
Src Bal (Pre) Doc ID,Evidence for pre balance,Balance Evidence (Pre),Text,DOC.BAL.0001,Explorer capture or export.,,,,,,,,,,,,,,,,,,,,,,,,,,,,,,,,,,,,,,,,
Src Bal (Post),Balance after transaction,Balance (Post),Number,0,Per-asset units.,,,,,,,,,,,,,,,,,,,,,,,,,,,,,,,,,,,,,,,,
Src Asset (Post),Asset held post transaction,Asset (Post),Text,USDT,Matches post balance asset.,,,,,,,,,,,,,,,,,,,,,,,,,,,,,,,,,,,,,,,,
Src Block (Post),Block height of snapshot,Balance Block (Post),Number,19234567,Block after inclusion.,,,,,,,,,,,,,,,,,,,,,,,,,,,,,,,,,,,,,,,,
Src Bal (Post) Doc ID,Evidence for post balance,Balance Evidence (Post),Text,DOC.BAL.0002,Explorer capture or export.,,,,,,,,,,,,,,,,,,,,,,,,,,,,,,,,,,,,,,,,
Src Delta,Net asset movement,Net Flow,Number,-100000,Post minus pre.,,,,,,,,,,,,,,,,,,,,,,,,,,,,,,,,,,,,,,,,
Src Delta Asset,Asset linked to movement,Net Flow Asset,Text,USDT,Asset for delta.,,,,,,,,,,,,,,,,,,,,,,,,,,,,,,,,,,,,,,,,
Dst Address,Receiving wallet address,To Address,Text,0x...,Recipient for the on-chain action.,,,,,,,,,,,,,,,,,,,,,,,,,,,,,,,,,,,,,,,,
Dst Address URL,Explorer link to destination,To Address URL,URL,https://etherscan.io/address/...,Address page URL.,,,,,,,,,,,,,,,,,,,,,,,,,,,,,,,,,,,,,,,,
Dst Attribution,Cluster or service attribution,Entity Attribution,Text,Scheme on-ramp,Based on tool and evidence.,,,,,,,,,,,,,,,,,,,,,,,,,,,,,,,,,,,,,,,,
Dst Attribution Doc ID,Evidence supporting destination attribution,Attribution Evidence,Text,DOC.ATTR.0100,"KYC, logs, or OSINT.",,,,,,,,,,,,,,,,,,,,,,,,,,,,,,,,,,,,,,,,
Dst Bal (Pre),Balance before receipt,Balance (Pre),Number,0,Per-asset units.,,,,,,,,,,,,,,,,,,,,,,,,,,,,,,,,,,,,,,,,
Dst Asset (Pre),Asset held pre receipt,Asset (Pre),Text,USDT,Matches amount asset.,,,,,,,,,,,,,,,,,,,,,,,,,,,,,,,,,,,,,,,,
Dst Block (Pre),Block height of snapshot,Balance Block (Pre),Number,19234560,Use nearest block.,,,,,,,,,,,,,,,,,,,,,,,,,,,,,,,,,,,,,,,,
Dst Bal (Pre) Doc ID,Evidence for pre balance,Balance Evidence (Pre),Text,DOC.BAL.0100,Explorer capture or export.,,,,,,,,,,,,,,,,,,,,,,,,,,,,,,,,,,,,,,,,
Dst Bal (Post),Balance after receipt,Balance (Post),Number,100000,Per-asset units.,,,,,,,,,,,,,,,,,,,,,,,,,,,,,,,,,,,,,,,,
Dst Asset (Post),Asset held post receipt,Asset (Post),Text,USDT,Matches post balance asset.,,,,,,,,,,,,,,,,,,,,,,,,,,,,,,,,,,,,,,,,
Dst Block (Post),Block height of snapshot,Balance Block (Post),Number,19234567,Block after inclusion.,,,,,,,,,,,,,,,,,,,,,,,,,,,,,,,,,,,,,,,,
Dst Bal (Post) Doc ID,Evidence for post balance,Balance Evidence (Post),Text,DOC.BAL.0101,Explorer capture or export.,,,,,,,,,,,,,,,,,,,,,,,,,,,,,,,,,,,,,,,,
Dst Delta,Net asset increase,Net Flow,Number,100000,Post minus pre.,,,,,,,,,,,,,,,,,,,,,,,,,,,,,,,,,,,,,,,,
Dst Delta Asset,Asset linked to increase,Net Flow Asset,Text,USDT,Asset for delta.,,,,,,,,,,,,,,,,,,,,,,,,,,,,,,,,,,,,,,,,
Tracing Method,Fund attribution methodology applied,Tracing Method,Enum,Exact Match,Use standardized dropdown.,,,,,,,,,,,,,,,,,,,,,,,,,,,,,,,,,,,,,,,,
Notes,Analyst investigative notes,Analyst Notes,Text,See notes,Objective; avoid speculation.,,,,,,,,,,,,,,,,,,,,,,,,,,,,,,,,,,,,,,,,
Activity Description,Transaction activity narrative summary,Narrative,Text,Deposit to on-ramp,Brief and factual.,,,,,,,,,,,,,,,,,,,,,,,,,,,,,,,,,,,,,,,,
,,,,,,,,,,,,,,,,,,,,,,,,,,,,,,,,,,,,,,,,,,,,,
Tracing Method,Definition,Typical Use,Notes (legal context),,,,,,,,,,,,,,,,,,,,,,,,,,,,,,,,,,,,,,,,,,
Exact Match,Direct transfer without commingling.,Wallet to wallet transfers; no pooling.,Use when inputs and outputs match.,,,,,,,,,,,,,,,,,,,,,,,,,,,,,,,,,,,,,,,,,,
Value Trace (Swap),Trace value through asset conversion.,Swaps on DEX/CEX; value equivalence.,Document both legs and pricing source.,,,,,,,,,,,,,,,,,,,,,,,,,,,,,,,,,,,,,,,,,,
FIFO,First funds in traced first.,Commingled pools with multiple deposits.,Conservative when older funds likely spent first.,,,,,,,,,,,,,,,,,,,,,,,,,,,,,,,,,,,,,,,,,,
LIFO,Most recent funds traced first.,Commingled pools with recent deposit then outflow.,Useful when outflow follows new deposit.,,,,,,,,,,,,,,,,,,,,,,,,,,,,,,,,,,,,,,,,,,
Pro Rata,Allocate outflows proportionally across pool.,Commingled pools with continuous activity.,Often used for fair allocation.,,,,,,,,,,,,,,,,,,,,,,,,,,,,,,,,,,,,,,,,,,
Lowest Intermediate Balance,Trace limited by lowest balance after deposit.,Legal trust tracing in commingled accounts.,Caps remaining claim in the account.,,,,,,,,,,,,,,,,,,,,,,,,,,,,,,,,,,,,,,,,,,
Protocol Reconstruction,Decode method and event logs to reconstruct protocol-specific economic effect.,"Smart contract staking, liquidation auctions, mints, burns, address-mapped positions.",Use when explorer transfer list alone misstates the true economic leg.,,,,,,,,,,,,,,,,,,,,,,,,,,,,,,,,,,,,,,,,,,
Economic Leg Decomposition,Split one transaction into separate rows for each distinct asset movement or legal effect.,"Single tx with burn plus refund, or mint plus contract payout.","Preferred for court schedules so each row has one asset, one source logic, and one destination logic.",,,,,,,,,,,,,,,,,,,,,,,,,,,,,,,,,,,,,,,,,,
,,,,,,,,,,,,,,,,,,,,,,,,,,,,,,,,,,,,,,,,,,,,,
Ref,Hop,Event Type,Chain/Network,Date/Time (UTC),Block #,Method,Amount,Symbol,Asset,Contract Address,Gas,Txn Hash,Txn URL,Doc ID Txn,Src Address,Src Address URL,Src Attribution,Src Attribution Doc ID,Src Bal (Pre),Src Asset (Pre),Src Block (Pre),Src Bal (Pre) Doc ID,Src Bal (Post),Src Asset (Post),Src Block (Post),Src Bal (Post) Doc ID,Src Delta,Src Delta Asset,Dst Address,Dst Address URL,Dst Attribution,Dst Attribution Doc ID,Dst Bal (Pre),Dst Asset (Pre),Dst Block (Pre),Dst Bal (Pre) Doc ID,Dst Bal (Post),Dst Asset (Post),Dst Block (Post),Dst Bal (Post) Doc ID,Dst Delta,Dst Delta Asset,Tracing Method,Notes,Activity Description
,,,,,,,,,,,,,,,,,,,,,,,,,,,,,,,,,,,,,,,,,,,,,
EX.001,1,Loan Liquidation Bid - Burn Leg,Ethereum,2023-02-16 01:59:47,16638171,loanLiquidateBid,38100000000,HDRN,Hedron,0x3819f64f28...AF905e06,0.002552546,0xccefa0c1...18e2126a,https://etherscan.io/tx/0xccefa0c1e2432164d6b88ee40a07e34765b35c82cdacc10d8bb7a5a518e2126a,DOC.WEB.1001,0x4aC7A66Fb4...39fa20D2,https://etherscan.io/address/0x4aC7A66Fb408587aAf648166185C9c1339fa20D2,Sample Bidder A,DOC.ATTR.SAMPLE.0001,41500000000,HDRN,16638170,DOC.BAL.MOCK.1001,3400000000,HDRN,16638171,DOC.BAL.MOCK.1002,-38100000000,HDRN,0x0000000000...00000000,https://etherscan.io/address/0x0000000000000000000000000000000000000000,Null address / burn sink,DOC.ATTR.NULL.0001,,,,,,,,,,,Protocol Reconstruction,"Real tx metadata; mock source balances. Zero address displayed only as burn sink, not beneficial owner. Liquidation event shows stakeId 680411 and liquidationId 5814.",Caller burned 38.1B HDRN to become highest bidder in an active Hedron liquidation auction.
EX.002,2,Loan Liquidation Bid - Refund Leg,Ethereum,2023-02-16 01:59:47,16638171,loanLiquidateBid,38000000000,HDRN,Hedron,0x3819f64f28...AF905e06,0.002552546,0xccefa0c1...18e2126a,https://etherscan.io/tx/0xccefa0c1e2432164d6b88ee40a07e34765b35c82cdacc10d8bb7a5a518e2126a,DOC.WEB.1001,0x0000000000...00000000,https://etherscan.io/address/0x0000000000000000000000000000000000000000,Null address / protocol issuance origin,DOC.ATTR.NULL.0001,,,,,,,,,,,0xF447BE3861...F17024D8,https://etherscan.io/address/0xF447BE386164dADfB5d1e7622613f289F17024D8,Hedron: Deployer (Etherscan label),DOC.ATTR.HDRN.0002,1000000000,HDRN,16638170,DOC.BAL.MOCK.1003,39000000000,HDRN,16638171,DOC.BAL.MOCK.1004,38000000000,HDRN,Economic Leg Decomposition,Refund mint shown as separate leg for court schedule clarity. Prior highest bidder is explorer-labeled Hedron: Deployer.,Protocol minted 38.0B HDRN back to the previous highest bidder after Sample Bidder A outbid them.
EX.003,3,Loan Liquidation Bid - Burn Leg,Ethereum,2023-02-16 02:04:23,16638194,loanLiquidateBid,39000000000,HDRN,Hedron,0x3819f64f28...AF905e06,0.002784572,0x8a7c035a...d94f3602,https://etherscan.io/tx/0x8a7c035ad1d9b698be4d6c059cbf0cb53ff4d7cc81d5df49a76120b9d94f3602,DOC.WEB.1002,0x92441dc512...5141d390,https://etherscan.io/address/0x92441dc5123dEA5EDa6CE9F88605e5e75141d390,Sample Bidder B,DOC.ATTR.SAMPLE.0002,50000000000,HDRN,16638193,DOC.BAL.MOCK.1005,11000000000,HDRN,16638194,DOC.BAL.MOCK.1006,-39000000000,HDRN,0x0000000000...00000000,https://etherscan.io/address/0x0000000000000000000000000000000000000000,Null address / burn sink,DOC.ATTR.NULL.0001,,,,,,,,,,,Protocol Reconstruction,"Real tx metadata; mock source balances. Same liquidation sequence as EX.001 / EX.002, liquidationId 5814 and stakeId 680411.",Caller burned 39.0B HDRN to become highest bidder in the same Hedron liquidation auction.
EX.004,4,Loan Liquidation Bid - Refund Leg,Ethereum,2023-02-16 02:04:23,16638194,loanLiquidateBid,38100000000,HDRN,Hedron,0x3819f64f28...AF905e06,0.002784572,0x8a7c035a...d94f3602,https://etherscan.io/tx/0x8a7c035ad1d9b698be4d6c059cbf0cb53ff4d7cc81d5df49a76120b9d94f3602,DOC.WEB.1002,0x0000000000...00000000,https://etherscan.io/address/0x0000000000000000000000000000000000000000,Null address / protocol issuance origin,DOC.ATTR.NULL.0001,,,,,,,,,,,0x4aC7A66Fb4...39fa20D2,https://etherscan.io/address/0x4aC7A66Fb408587aAf648166185C9c1339fa20D2,Sample Bidder A,DOC.ATTR.SAMPLE.0001,3400000000,HDRN,16638193,DOC.BAL.MOCK.1007,41500000000,HDRN,16638194,DOC.BAL.MOCK.1008,38100000000,HDRN,Economic Leg Decomposition,"Refund mint leg recorded separately to show apparent inflow to the prior bidder was an outbid refund, not an external payment or staking reward.",Protocol minted 38.1B HDRN back to Sample Bidder A after they were outbid.
EX.005,5,HDRN Stake Start - Principal Transfer,Ethereum,2026-02-20 12:59:47,24498220,hdrnStakeStart,26070534.4,HDRN,Hedron,0xfc49132144...88A569ed,5.28281E-06,0x6d1a766b...9b58ee66,https://etherscan.io/tx/0x6d1a766b5c94a6902865fb315b72ba3bf0cd24a41e4ac75046f4dfe29b58ee66,DOC.WEB.1003,0xbd1a364919...45F080AC,https://etherscan.io/address/0xbd1a3649190e55F36400446F11c1241245F080AC,Sample HDRN Staker,DOC.ATTR.SAMPLE.0003,26070534.4,HDRN,24498219,DOC.BAL.MOCK.1009,0,HDRN,24498220,DOC.BAL.MOCK.1010,-26070534.4,HDRN,0xfc49132144...88A569ed,https://etherscan.io/address/0xfc4913214444aF5c715cc9F7b52655e788A569ed,IcosaCrypto: ICSA Token,DOC.ATTR.ICOSA.0001,500000000,HDRN,24498219,DOC.BAL.MOCK.1011,526070534.4,HDRN,24498220,DOC.BAL.MOCK.1012,26070534.4,HDRN,Protocol Reconstruction,Real tx metadata. Decoded HDRNStakeStart event packs a 30-day minimum stake length. Pre/post balances are mock placeholders for template use.,"Caller transferred 26,070,534.400069513 HDRN into the Icosa contract to open a HDRN staking position."
EX.006,6,ICSA Stake End - ICSA Mint Leg,Ethereum,2026-02-11 21:33:59,24436246,icsaStakeEnd,9404.112192,ICSA,Icosa,0xfc49132144...88A569ed,0.000212694,0xa02fef6f...076cc430,https://etherscan.io/tx/0xa02fef6fbe7d79a04749463dd544b738faefcd9428adf8be8795ff60076cc430,DOC.WEB.1004,0x0000000000...00000000,https://etherscan.io/address/0x0000000000000000000000000000000000000000,Null address / protocol issuance origin,DOC.ATTR.NULL.0001,,,,,,,,,,,0xB53aD2d1B3...33eA53F9,https://etherscan.io/address/0xB53aD2d1B3A4ee20f2509E38021736Cf33eA53F9,Sample ICSA Stake Exit,DOC.ATTR.SAMPLE.0004,0,ICSA,24436245,DOC.BAL.MOCK.1013,9404.112192,ICSA,24436246,DOC.BAL.MOCK.1014,9404.112192,ICSA,Economic Leg Decomposition,"ICSA mint leg separated from same-tx HDRN payout leg. In Icosa logic, ICSA stake entry burns ICSA and exit remints ICSA back to the staker.","Protocol minted 9,404.112192469 ICSA back to the staker upon ICSA stake exit."
EX.007,7,ICSA Stake End - HDRN Payout Leg,Ethereum,2026-02-11 21:33:59,24436246,icsaStakeEnd,124744439.3,HDRN,Hedron,0xfc49132144...88A569ed,0.000212694,0xa02fef6f...076cc430,https://etherscan.io/tx/0xa02fef6fbe7d79a04749463dd544b738faefcd9428adf8be8795ff60076cc430,DOC.WEB.1004,0xfc49132144...88A569ed,https://etherscan.io/address/0xfc4913214444aF5c715cc9F7b52655e788A569ed,IcosaCrypto: ICSA Token,DOC.ATTR.ICOSA.0001,500000000,HDRN,24436245,DOC.BAL.MOCK.1015,375255560.7,HDRN,24436246,DOC.BAL.MOCK.1016,-124744439.3,HDRN,0xB53aD2d1B3...33eA53F9,https://etherscan.io/address/0xB53aD2d1B3A4ee20f2509E38021736Cf33eA53F9,Sample ICSA Stake Exit,DOC.ATTR.SAMPLE.0004,0,HDRN,24436245,DOC.BAL.MOCK.1017,124744439.3,HDRN,24436246,DOC.BAL.MOCK.1018,124744439.3,HDRN,Protocol Reconstruction,Same tx as EX.006. Contract-to-wallet HDRN transfer should be scheduled separately from the ICSA mint leg.,"Icosa contract transferred 124,744,439.336648576 HDRN to the staker as part of the ICSA stake exit."
EX.008,8,HDRN Stake End - ICSA Reward Mint Leg,Ethereum,2026-02-20 17:40:47,24499618,hdrnStakeEnd,0.000247601,ICSA,Icosa,0xfc49132144...88A569ed,0.000198335,0x77289ef2...763dab71,https://etherscan.io/tx/0x77289ef280998ec14327d86b104c27b4f383f6289ae90a7d6c78296d763dab71,DOC.WEB.1005,0x0000000000...00000000,https://etherscan.io/address/0x0000000000000000000000000000000000000000,Null address / protocol issuance origin,DOC.ATTR.NULL.0001,,,,,,,,,,,0x926c46a686...d1DAAe66,https://etherscan.io/address/0x926c46a686A00D8d219564d7cE50D5D5d1DAAe66,Sample HDRN Stake Exit,DOC.ATTR.SAMPLE.0005,0,ICSA,24499617,DOC.BAL.MOCK.1019,0.000247601,ICSA,24499618,DOC.BAL.MOCK.1020,0.000247601,ICSA,Economic Leg Decomposition,Decoded HDRNStakeEnd event shows 247601 base units of ICSA and zero penalty fields in the sample event packing. Use separate row from same-tx HDRN return leg.,Protocol minted 0.000247601 ICSA to the staker when the HDRN stake was ended.
EX.009,9,HDRN Stake End - HDRN Return Leg,Ethereum,2026-02-20 17:40:47,24499618,hdrnStakeEnd,9503316.296,HDRN,Hedron,0xfc49132144...88A569ed,0.000198335,0x77289ef2...763dab71,https://etherscan.io/tx/0x77289ef280998ec14327d86b104c27b4f383f6289ae90a7d6c78296d763dab71,DOC.WEB.1005,0xfc49132144...88A569ed,https://etherscan.io/address/0xfc4913214444aF5c715cc9F7b52655e788A569ed,IcosaCrypto: ICSA Token,DOC.ATTR.ICOSA.0001,50000000,HDRN,24499617,DOC.BAL.MOCK.1021,40496683.7,HDRN,24499618,DOC.BAL.MOCK.1022,-9503316.296,HDRN,0x926c46a686...d1DAAe66,https://etherscan.io/address/0x926c46a686A00D8d219564d7cE50D5D5d1DAAe66,Sample HDRN Stake Exit,DOC.ATTR.SAMPLE.0005,0,HDRN,24499617,DOC.BAL.MOCK.1023,9503316.296,HDRN,24499618,DOC.BAL.MOCK.1024,9503316.296,HDRN,Protocol Reconstruction,Same tx as EX.008. Contract-to-wallet transfer should be scheduled separately from ICSA reward mint so source and destination logic remain clear.,"Icosa contract returned 9,503,316.295936916 HDRN to the staker when the HDRN stake was ended."
